--Bài 1: Để quản lý Thực tập nghề nghiệp của sinh viên, người ta xây dựng một cơ sở dữ liệu có tên là ThucTap
--gồm các sơ đồ quan hệ sau:

--Khoa(makhoa char(10), tenkhoa char(30), dienthoai char(10))
--GiangVien(magv int, hotengv char(30), luong decimal(5,2), makhoa char(10))
--SinhVien(masv int, hotensv char(30), makhoa char(10), namsinh int, quequan char(30))
--DeTai(madt char(10), tendt char(30), kinhphi int, NoiThucTap char(30))
--HuongDan(masv int, madt char(10), magv int, ketqua decimal(5,2))

--- Tạo cơ sở dữ liệu
CREATE DATABASE QUANLY_THUCTAP
go
USE QUANLY_THUCTAP
GO

-- TẠO BẢNG Khoa(makhoa char(10), tenkhoa char(30), dienthoai char(10))
CREATE TABLE KHOA(
	MAKHOA char(10) PRIMARY KEY,
	TENKHOA nvarchar(70),
	DIENTHOAI CHAR(10)
)
GO

--GiangVien(magv int, hotengv char(30), luong decimal(5,2), makhoa char(10))
CREATE TABLE GIANGVIEN(
	MAGV INT PRIMARY KEY,
	HOTENGV nvarchar(70),
	LUONG DECIMAL(12,2),
	MAKHOA CHAR(10)
)
GO

--SinhVien(masv int, hotensv char(30), makhoa char(10), namsinh int, quequan char(30))
CREATE TABLE SINHVIEN(
	MASV INT PRIMARY KEY,
	HOTENSV nvarchar(70),
	MAKHOA CHAR(10),
	NAMSINH INT,
	QUEQUAN nvarchar(70)
)
GO
--DeTai(madt char(10), tendt char(30), kinhphi int, NoiThucTap char(30))
CREATE TABLE DETAI(
	MADT CHAR(10) PRIMARY KEY,
	TENDT nvarchar(70),
	KINHPHI INT,
	NOITHUCTAP nvarchar(70)
)

--HuongDan(masv int, madt char(10), magv int, ketqua decimal(5,2))
CREATE TABLE HUONGDAN(
	MASV INT ,
	MADT CHAR(10),
	MAGV INT,
	KETQUA DECIMAL(5,2),
	PRIMARY KEY(MASV,MADT,MAGV)

)
GO

---- TẠO KHÓA CHÍNH
--ALTER TABLE KHOA alter column MAKHOA int NOT NULL
--go
--ALTER TABLE KHOA ADD CONSTRAINT PK_KHOA PRIMARY KEY (MAKHOA)
--GO

---- TẠO KHÓA NGOẠI
ALTER TABLE GIANGVIEN ADD FOREIGN KEY  (MAKHOA) REFERENCES KHOA(MAKHOA)
go

ALTER TABLE SINHVIEN ADD FOREIGN KEY (MAKHOA) REFERENCES KHOA(MAKHOA)
GO

ALTER TABLE HUONGDAN ADD FOREIGN KEY (MADT) REFERENCES DETAI(MADT)
GO

ALTER TABLE HUONGDAN ADD FOREIGN KEY (MAGV) REFERENCES GIANGVIEN(MAGV)
GO

ALTER TABLE HUONGDAN ADD FOREIGN KEY (MASV) REFERENCES SINHVIEN(MASV)
GO

---- NHẬP DỮ LIỆU
--- DỮ LIỆU KHOA
INSERT INTO KHOA (MAKHOA, TENKHOA, DIENTHOAI) VALUES ('K001','DIA LY va QLTN','0331226745')
INSERT INTO KHOA (MAKHOA, TENKHOA, DIENTHOAI) VALUES ('K002','TOAN','0330987645')
INSERT INTO KHOA (MAKHOA, TENKHOA, DIENTHOAI) VALUES ('K003','CONG NGHE SINH HOC','0331187645')
INSERT INTO KHOA (MAKHOA, TENKHOA, DIENTHOAI) VALUES ('K004','CONG NGHE THONG TIN','0330932645')
INSERT INTO KHOA (MAKHOA, TENKHOA, DIENTHOAI) VALUES ('K005','CONG NGHE THUC PHAM','0330976645')

--- DỮ LIỆU GIANGVIEN
INSERT INTO GIANGVIEN (MAGV, HOTENGV, LUONG, MAKHOA) VALUES ( 1,'Tran Son',500,'K001')
INSERT INTO GIANGVIEN (MAGV, HOTENGV, LUONG, MAKHOA) VALUES ( 2,'Tran Phu',100,'K002')
INSERT INTO GIANGVIEN (MAGV, HOTENGV, LUONG, MAKHOA) VALUES ( 3,'Tran Bao Long',100.12,'K003')
INSERT INTO GIANGVIEN (MAGV, HOTENGV, LUONG, MAKHOA) VALUES ( 4,'Nguyen Tran',250.12,'K004')
INSERT INTO GIANGVIEN (MAGV, HOTENGV, LUONG, MAKHOA) VALUES ( 5,'Bach Long',350.5,'K005')
INSERT INTO GIANGVIEN (MAGV, HOTENGV, LUONG, MAKHOA) VALUES ( 6,'Phi Vu',450.8,'K001')

INSERT INTO GIANGVIEN (MAGV, HOTENGV, LUONG, MAKHOA) VALUES (7, 'Nguyen Thi Hien', 300, 'K002')
INSERT INTO GIANGVIEN (MAGV, HOTENGV, LUONG, MAKHOA) VALUES (8, 'Le Van Nam', 200, 'K003')
INSERT INTO GIANGVIEN (MAGV, HOTENGV, LUONG, MAKHOA) VALUES (9, 'Tran Minh Duc', 400, 'K004')
INSERT INTO GIANGVIEN (MAGV, HOTENGV, LUONG, MAKHOA) VALUES (10, 'Pham Thi Thu', 150, 'K005')
INSERT INTO GIANGVIEN (MAGV, HOTENGV, LUONG, MAKHOA) VALUES (11, 'Hoang Van Tuan', 350, 'K001')
INSERT INTO GIANGVIEN (MAGV, HOTENGV, LUONG, MAKHOA) VALUES (12, 'Nguyen Thi Mai', 420, 'K002')
INSERT INTO GIANGVIEN (MAGV, HOTENGV, LUONG, MAKHOA) VALUES (13, 'Le Van Hieu', 270, 'K003')
INSERT INTO GIANGVIEN (MAGV, HOTENGV, LUONG, MAKHOA) VALUES (14, 'Tran Thi Thuy', 320, 'K004')
INSERT INTO GIANGVIEN (MAGV, HOTENGV, LUONG, MAKHOA) VALUES (15, 'Phan Van An', 180, 'K005')
INSERT INTO GIANGVIEN (MAGV, HOTENGV, LUONG, MAKHOA) VALUES (16, 'Nguyen Thi Huong', 390, 'K001')
INSERT INTO GIANGVIEN (MAGV, HOTENGV, LUONG, MAKHOA) VALUES (17, 'Le Van Son', 280, 'K002')
INSERT INTO GIANGVIEN (MAGV, HOTENGV, LUONG, MAKHOA) VALUES (18, 'Tran Van Hung', 220, 'K003')
INSERT INTO GIANGVIEN (MAGV, HOTENGV, LUONG, MAKHOA) VALUES (19, 'Pham Van Minh', 410, 'K004')
INSERT INTO GIANGVIEN (MAGV, HOTENGV, LUONG, MAKHOA) VALUES (20, 'Hoang Thi Nga', 170, 'K005')

--- Nhập dữ liệu SINHVIEN

INSERT INTO SINHVIEN(MASV,HOTENSV,MAKHOA,NAMSINH,QUEQUAN ) VALUES (1, 'Le Van Son','K001',2002,'HA NOI')
INSERT INTO SINHVIEN(MASV,HOTENSV,MAKHOA,NAMSINH,QUEQUAN ) VALUES (2, 'Le Van Son','K002',2001,'HO CHI MINH')
INSERT INTO SINHVIEN (MASV, HOTENSV, MAKHOA, NAMSINH, QUEQUAN) VALUES (3, 'Nguyen Thi Hien', 'K001', 2000, 'Ha Noi')
INSERT INTO SINHVIEN (MASV, HOTENSV, MAKHOA, NAMSINH, QUEQUAN) VALUES (4, 'Tran Minh Duc', 'K002', 1999, 'Hai Phong')
INSERT INTO SINHVIEN (MASV, HOTENSV, MAKHOA, NAMSINH, QUEQUAN) VALUES (5, 'Pham Van An', 'K003', 2002, 'Da Nang')
INSERT INTO SINHVIEN (MASV, HOTENSV, MAKHOA, NAMSINH, QUEQUAN) VALUES (6, 'Le Thi Mai', 'K004', 2001, 'Hue')
INSERT INTO SINHVIEN (MASV, HOTENSV, MAKHOA, NAMSINH, QUEQUAN) VALUES (7, 'Tran Van Nam', 'K005', 2000, 'Nha Trang')
INSERT INTO SINHVIEN (MASV, HOTENSV, MAKHOA, NAMSINH, QUEQUAN) VALUES (8, 'Nguyen Thi Hoa', 'K001', 1999, 'Can Tho')
INSERT INTO SINHVIEN (MASV, HOTENSV, MAKHOA, NAMSINH, QUEQUAN) VALUES (9, 'Hoang Van Tuan', 'K002', 2002, 'Vung Tau')
INSERT INTO SINHVIEN (MASV, HOTENSV, MAKHOA, NAMSINH, QUEQUAN) VALUES (10, 'Phan Thi Thu', 'K003', 2001, 'Quang Ninh')
INSERT INTO SINHVIEN (MASV, HOTENSV, MAKHOA, NAMSINH, QUEQUAN) VALUES (11, 'Bui Van Hieu', 'K004', 2000, 'Bac Giang')
INSERT INTO SINHVIEN (MASV, HOTENSV, MAKHOA, NAMSINH, QUEQUAN) VALUES (12, 'Tran Thi Thuy', 'K005', 1999, 'Khanh Hoa')
INSERT INTO SINHVIEN (MASV, HOTENSV, MAKHOA, NAMSINH, QUEQUAN) VALUES (13, 'Le Van Hung', 'K001', 2002, 'Lao Cai')
INSERT INTO SINHVIEN (MASV, HOTENSV, MAKHOA, NAMSINH, QUEQUAN) VALUES (14, 'Nguyen Van Minh', 'K002', 2001, 'Dong Thap')
INSERT INTO SINHVIEN (MASV, HOTENSV, MAKHOA, NAMSINH, QUEQUAN) VALUES (15, 'Tran Van An', 'K003', 2000, 'Quang Tri')
INSERT INTO SINHVIEN (MASV, HOTENSV, MAKHOA, NAMSINH, QUEQUAN) VALUES (16, 'Hoang Thi Nga', 'K004', 1999, 'Thanh Hoa')
INSERT INTO SINHVIEN (MASV, HOTENSV, MAKHOA, NAMSINH, QUEQUAN) VALUES (17, 'Pham Van Tu', 'K005', 2002, 'Dak Lak')
INSERT INTO SINHVIEN (MASV, HOTENSV, MAKHOA, NAMSINH, QUEQUAN) VALUES (18, 'Nguyen Thi Lan', 'K001', 2001, 'Long An')
INSERT INTO SINHVIEN (MASV, HOTENSV, MAKHOA, NAMSINH, QUEQUAN) VALUES (19, 'Tran Van Phuc', 'K002', 2000, 'Tien Giang')
INSERT INTO SINHVIEN (MASV, HOTENSV, MAKHOA, NAMSINH, QUEQUAN) VALUES (20, 'Hoang Thi Bich', 'K003', 1999, 'Ben Tre')
INSERT INTO SINHVIEN (MASV, HOTENSV, MAKHOA, NAMSINH, QUEQUAN) VALUES (21, 'Le Van Thanh', 'K004', 2002, 'Lam Dong')
INSERT INTO SINHVIEN (MASV, HOTENSV, MAKHOA, NAMSINH, QUEQUAN) VALUES (22, 'Nguyen Van Hoa', 'K005', 2001, 'An Giang')

--- Nhập dữ liệu DETAI
--CREATE TABLE DETAI(
--	MADT CHAR(10) PRIMARY KEY,
--	TENDT CHAR(30),
--	KINHPHI INT,
--	NOITHUCTAP CHAR(30)
--)

INSERT INTO DETAI (MADT, TENDT, KINHPHI, NOITHUCTAP) VALUES ('DT001', N'Nghiên cứu về hệ thống nhúng', 5000, N'Viện Công nghệ thông tin')
INSERT INTO DETAI (MADT, TENDT, KINHPHI, NOITHUCTAP) VALUES ('DT002', N'Phát triển ứng dụng di động', 7000, N'Công ty ABC')
INSERT INTO DETAI (MADT, TENDT, KINHPHI, NOITHUCTAP) VALUES ('DT003', N'Nghiên cứu về trí tuệ nhân tạo', 10000, N'Trung tâm nghiên cứu AI')
INSERT INTO DETAI (MADT, TENDT, KINHPHI, NOITHUCTAP) VALUES ('DT004', N'Phân tích dữ liệu lớn', 8000, N'Tập đoàn XYZ')
INSERT INTO DETAI (MADT, TENDT, KINHPHI, NOITHUCTAP) VALUES ('DT005', N'Xây dựng hệ thống máy học', 6000, N'Trường Đại học Khoa học tự nhiên')
INSERT INTO DETAI (MADT, TENDT, KINHPHI, NOITHUCTAP) VALUES ('DT006', N'Ứng dụng IoT trong sản xuất', 9000, N'Công ty DEF');
INSERT INTO DETAI (MADT, TENDT, KINHPHI, NOITHUCTAP) VALUES ('DT007', N'Nghiên cứu về blockchain', 7500, N'Viện Công nghệ thông tin')
INSERT INTO DETAI (MADT, TENDT, KINHPHI, NOITHUCTAP) VALUES ('DT008', N'Phát triển phần mềm nhúng', 5500, N'Công ty GHI')
INSERT INTO DETAI (MADT, TENDT, KINHPHI, NOITHUCTAP) VALUES ('DT009', N'Tích hợp trí tuệ nhân tạo vào robot', 8500, N'Trung tâm nghiên cứu Robotics')
INSERT INTO DETAI (MADT, TENDT, KINHPHI, NOITHUCTAP) VALUES ('DT010', N'Xây dựng hệ thống thông minh cho nhà máy', 9500, N'Nha Trang');
INSERT INTO DETAI (MADT, TENDT, KINHPHI, NOITHUCTAP) VALUES ('DT011', N'Nghiên cứu về big data và machine learning', 8200, N'Trường Đại học Công nghệ thông tin')
INSERT INTO DETAI (MADT, TENDT, KINHPHI, NOITHUCTAP) VALUES ('DT012', N'Phân tích hệ thống thời tiết', 7200, N'Viện Hàn lâm Khoa học')
INSERT INTO DETAI (MADT, TENDT, KINHPHI, NOITHUCTAP) VALUES ('DT013', N'Phát triển ứng dụng trí tuệ nhân tạo cho y tế', 8800, N'Ben Tre')
INSERT INTO DETAI (MADT, TENDT, KINHPHI, NOITHUCTAP) VALUES ('DT014', N'Xây dựng hệ thống giao thông thông minh', 9300, N'Sở Giao thông vận tải')
INSERT INTO DETAI (MADT, TENDT, KINHPHI, NOITHUCTAP) VALUES ('DT015', N'Nghiên cứu về công nghệ điện toán đám mây', 7800, N'Viện Công nghệ thông tin')
INSERT INTO DETAI (MADT, TENDT, KINHPHI, NOITHUCTAP) VALUES ('DT016', N'Phát triển ứng dụng hỗ trợ giáo dục trực tuyến', 6200, N'Trung tâm đào tạo công nghệ')
INSERT INTO DETAI (MADT, TENDT, KINHPHI, NOITHUCTAP) VALUES ('DT017', N'Nghiên cứu về Internet of Things và Smart Home', 8900, N'Viện Công nghệ thông tin')
INSERT INTO DETAI (MADT, TENDT, KINHPHI, NOITHUCTAP) VALUES ('DT018', N'Phát triển ứng dụng dự báo thời tiết', 7300, N'Trung tâm dự báo khí tượng')
INSERT INTO DETAI (MADT, TENDT, KINHPHI, NOITHUCTAP) VALUES ('DT019', N'Tích hợp trí tuệ nhân tạo vào hệ thống an ninh', 8700, N'Tien Giang')
INSERT INTO DETAI (MADT, TENDT, KINHPHI, NOITHUCTAP) VALUES ('DT020', N'Xây dựng hệ thống quản lý dữ liệu lớn', 9600, N'Tập đoàn MNO')

---- HUONG Đẫn
INSERT INTO HUONGDAN (MASV, MADT, MAGV, KETQUA) VALUES (1, 'DT001', 1, 8.5)
INSERT INTO HUONGDAN (MASV, MADT, MAGV, KETQUA) VALUES (2, 'DT002', 2, 7.2)
INSERT INTO HUONGDAN (MASV, MADT, MAGV, KETQUA) VALUES (3, 'DT002', 2, 9.0)
INSERT INTO HUONGDAN (MASV, MADT, MAGV, KETQUA) VALUES (4, 'DT002', 2, 8.0)
INSERT INTO HUONGDAN (MASV, MADT, MAGV, KETQUA) VALUES (5, 'DT005', 5, 7)
INSERT INTO HUONGDAN (MASV, MADT, MAGV, KETQUA) VALUES (6, 'DT006', 6, 0)
INSERT INTO HUONGDAN (MASV, MADT, MAGV, KETQUA) VALUES (7, 'DT007', 7, 7.9)
INSERT INTO HUONGDAN (MASV, MADT, MAGV, KETQUA) VALUES (8, 'DT008', 8, 0)
INSERT INTO HUONGDAN (MASV, MADT, MAGV, KETQUA) VALUES (9, 'DT009', 9, 9.2)
INSERT INTO HUONGDAN (MASV, MADT, MAGV, KETQUA) VALUES (10, 'DT010', 10, 0)
INSERT INTO HUONGDAN (MASV, MADT, MAGV, KETQUA) VALUES (11, 'DT011', 11, 8.9)
INSERT INTO HUONGDAN (MASV, MADT, MAGV, KETQUA) VALUES (12, 'DT012', 12, 8.1)
INSERT INTO HUONGDAN (MASV, MADT, MAGV, KETQUA) VALUES (13, 'DT013', 13, 9.7)
INSERT INTO HUONGDAN (MASV, MADT, MAGV, KETQUA) VALUES (14, 'DT014', 14, 7.4)
INSERT INTO HUONGDAN (MASV, MADT, MAGV, KETQUA) VALUES (15, 'DT015', 15, 8.6)
INSERT INTO HUONGDAN (MASV, MADT, MAGV, KETQUA) VALUES (16, 'DT016', 16, 6.9)
INSERT INTO HUONGDAN (MASV, MADT, MAGV, KETQUA) VALUES (17, 'DT014', 14, 9.3)
INSERT INTO HUONGDAN (MASV, MADT, MAGV, KETQUA) VALUES (18, 'DT018', 18, null)
INSERT INTO HUONGDAN (MASV, MADT, MAGV, KETQUA) VALUES (19, 'DT019', 19, null)
INSERT INTO HUONGDAN (MASV, MADT, MAGV, KETQUA) VALUES (20, 'DT020', 20, 9.1)



---CÂU HỎI BÀI TẬP
--- CÂU 1: Đưa ra thông tin gồm mã số, họ tên và tên khoa của tất cả các giảng viên 
SELECT GV.MAGV, GV.HOTENGV, K.TENKHOA FROM GIANGVIEN GV, KHOA K 
WHERE GV.MAKHOA = K.MAKHOA
--- CÂU 2: Đưa ra thông tin gồm mã số, họ tên và tên khoa của tất cả các giảng viên của khoa  'DIA LY va QLTN'
SELECT GV.MAGV, GV.HOTENGV, K.TENKHOA FROM GIANGVIEN GV, KHOA K 
WHERE GV.MAKHOA = K.MAKHOA AND K.TENKHOA LIKE 'DIA LY va QLTN'
--- CÂU 3: Cho biết số sinh viên của khoa 'CONG NGHE SINH HOC'
SELECT COUNT(*) AS 'SOSINHVIEN' FROM SINHVIEN SV, KHOA K
WHERE SV.MAKHOA = K.MAKHOA AND K.TENKHOA LIKE 'CONG NGHE SINH HOC'
--- CÂU 4: Đưa ra danh sách gồm mã số, họ tên và tuổi của các sinh viên khoa 'TOAN'
SELECT SV.MASV, SV.HOTENSV, (YEAR(GETDATE()) - SV.NAMSINH ) AS TUOI 
FROM SINHVIEN SV
JOIN KHOA K ON SV.MAKHOA = K.MAKHOA 
WHERE K.TENKHOA LIKE 'TOAN'
--- CÂU 5: Cho biết số giảng viên của khoa 'CONG NGHE SINH HOC'
SELECT COUNT(*) as SoLuongGV FROM GIANGVIEN GV
JOIN KHOA k on gv.MAKHOA = k.MAKHOA
where k.TENKHOA like 'CONG NGHE SINH HOC'
--- CÂU 6: Cho biết về thông tin sinh viên không tham gia thực tập
-- NOT EXIST KHÔNG TỒN TẠI
SELECT * FROM SINHVIEN SV1
WHERE NOT EXISTS (SELECT * FROM SINHVIEN SV
					JOIN HUONGDAN HD ON SV.MASV = HD.MASV
					WHERE SV.MASV = SV1.MASV)

--- CÂU 7: Đưa ra mã khoa, tên khoa và số giảng viên của mỗi khoa 
SELECT  K.MAKHOA, K.TENKHOA, COUNT(*) AS SOGV 
FROM KHOA K
JOIN GIANGVIEN GV  ON K.MAKHOA = GV.MAKHOA
GROUP BY K.MAKHOA, K.TENKHOA

--SELECT  K.MAKHOA, K.TENKHOA, COUNT(*) AS SOGV 
--FROM KHOA K, GIANGVIEN GV  
--WHERE K.MAKHOA = GV.MAKHOA
--GROUP BY K.MAKHOA, K.TENKHOA

--- CÂU 8: Cho biết số điện thoại của khoa mà sinh viên có tên 'Le Van Son' đang theo học
SELECT distinct  K.DIENTHOAI FROM KHOA K
JOIN SINHVIEN SV ON K.MAKHOA = SV.MAKHOA
WHERE SV.HOTENSV LIKE 'Le Van Son'

--- Câu 9: Cho biết mã số và tên các đề tài do giảng viên 'Tran Son' hướng dẫn
SELECT hd.MADT, DT.TENDT FROM HUONGDAN HD
JOIN GIANGVIEN gv ON HD.MAGV = GV.MAGV 
JOIN DETAI DT ON HD.MADT = DT.MADT
WHERE GV.HOTENGV LIKE 'Tran Son'
--- Câu 10: Cho biết tên đề tài không có sinh viên nào thực tập
SELECT DT.TENDT FROM DETAI DT
WHERE NOT EXISTS (
					SELECT * FROM HUONGDAN HD 
						JOIN SINHVIEN SV ON HD.MASV = SV.MASV
						WHERE DT.MADT = HD.MADT
					)


--- Câu 11: Cho biết mã số, họ tên, tên khoa của các giảng viên hướng dẫn từ 3 sinh viên trở lên
SELECT GV.MAGV, GV.HOTENGV, K.MAKHOA  FROM HUONGDAN HD
JOIN GIANGVIEN GV ON GV.MAGV = HD.MAGV
JOIN SINHVIEN SV ON SV.MASV = HD.MASV
JOIN KHOA K ON GV.MAKHOA = K.MAKHOA
GROUP BY  GV.MAGV, GV.HOTENGV, K.MAKHOA
HAVING COUNT(DISTINCT SV.MASV) >= 3

--- Câu 12: Cho mã số , tên đề tài  của đề tài có kinh phí cao nhất
SELECT  TOP 1 D.MADT, D.TENDT FROM DETAI D
 ORDER BY D.KINHPHI DESC

--- Câu 13: Cho mã số , tên đề tài có nhiều hơn 2 sinh viên tham gia thực tập
SELECT DT.TENDT, DT.MADT 
FROM HUONGDAN HD
JOIN DETAI DT ON HD.MADT = DT.MADT
GROUP BY DT.TENDT, DT.MADT 
HAVING COUNT( DISTINCT HD.MASV) > 2

--- câu 14: Đưa ra mã số,họ tên và điểm của các sinh viên khoa  'DIA LY va QLTN'
select SV.MASV, SV.HOTENSV, HD.KETQUA from HUONGDAN hd 
JOIN SINHVIEN SV ON HD.MASV = SV.MASV
JOIN KHOA K ON K.MAKHOA = SV.MAKHOA
WHERE K.TENKHOA LIKE 'DIA LY va QLTN'

--- Câu 15: Đưa ra tên khoa số lượng  sinh viên mỗi khoa
SELECT K.TENKHOA, COUNT(*) FROM SINHVIEN SV
JOIN KHOA K ON SV.MAKHOA = K.MAKHOA
GROUP BY K.TENKHOA
--- Câu 16: Cho Biết thông tin của các sinh thực tập tại quê nhà
select * from SINHVIEN SV
JOIN HUONGDAN HD ON SV.MASV = HD.MASV
JOIN DETAI DT ON DT.MADT = HD.MADT
WHERE SV.QUEQUAN = DT.NOITHUCTAP
--- Câu 17: Cho biết thông tin về những sinh viên chưa có điểm thực tập
select * from SINHVIEN SV
JOIN HUONGDAN HD ON SV.MASV = HD.MASV
where hd.KETQUA is null

-- Câu 18: Đưa ra danh sách gồm các mã số, họ tên các sinh viên có điểm thực tập bằng 0
select sv.MASV, sv.HOTENSV, hd.KETQUA from SINHVIEN SV
JOIN HUONGDAN HD ON SV.MASV = HD.MASV
where hd.KETQUA = 0
